Arun Pan Dukan,Launa,3,0,130,10,Mob-999999999
Mantu Patta Godam,Kharagpur,1,0,60,11,Mob-999999999
Arun Pan Dukan,Launa,3,0,150,12,Mob-999999999
Arun Pan Dukan,Launa,3,0,130,13,Mob-999999999
Arun Pan Dukan,Launa,3,0,130,10,Mob-999999999
Mantu Patta Godam,Kharagpur,1,0,60,11,Mob-999999999
Arun Pan Dukan,Launa,3,0,150,12,Mob-999999999
Arun Pan Dukan,Launa,3,0,130,13,Mob-999999999
Arun Pan Dukan,Launa,3,0,130,10,Mob-999999999
Mantu Patta Godam,Kharagpur,1,0,60,11,Mob-999999999
Arun Pan Dukan,Launa,3,0,150,12,Mob-999999999
Arun Pan Dukan,Launa,3,0,130,13,Mob-999999999
Arun Pan Dukan,Launa,3,0,130,10,Mob-999999999
Mantu Patta Godam,Kharagpur,1,0,60,11,Mob-999999999
Arun Pan Dukan,Launa,3,0,150,12,Mob-999999999
Arun Pan Dukan,Launa,3,0,130,13,Mob-999999999